Date,Total.Detained,Total.Cumulative.COVID.19,Total.Tested,Total.Deaths,Total.COVID.19.Confirmed.in.Custody
2020-03-27,NA,2,NA,NA,NA
2020-03-28,NA,2,NA,NA,NA
2020-03-29,NA,2,NA,NA,NA
2020-03-30,NA,4,NA,NA,NA
2020-03-31,NA,4,NA,NA,NA
2020-04-01,NA,4,NA,NA,NA
2020-04-02,NA,6,NA,NA,NA
2020-04-04,NA,8,NA,NA,NA
2020-04-06,NA,13,NA,NA,NA
2020-04-07,NA,13,NA,NA,NA
2020-04-08,NA,19,NA,NA,NA
2020-04-09,NA,35,NA,NA,NA
2020-04-10,NA,50,NA,NA,NA
2020-04-11,NA,62,NA,NA,NA
2020-04-12,NA,61,NA,NA,NA
2020-04-13,NA,61,NA,NA,NA
2020-04-14,NA,72,NA,NA,NA
2020-04-15,NA,89,NA,NA,NA
2020-04-16,NA,100,NA,NA,NA
2020-04-17,NA,105,NA,NA,NA
2020-04-18,NA,124,NA,NA,NA
2020-04-19,NA,124,NA,NA,NA
2020-04-20,NA,220,NA,NA,NA
2020-04-21,NA,250,NA,NA,NA
2020-04-22,NA,287,NA,NA,NA
2020-04-23,NA,287,NA,NA,NA
2020-04-24,NA,332,NA,NA,NA
2020-04-25,29675,332,NA,NA,NA
2020-04-26,29675,332,NA,NA,NA
2020-04-27,29675,373,NA,NA,NA
2020-04-28,29675,360,NA,NA,NA
2020-04-29,29675,425,705,NA,NA
2020-04-30,29675,490,1030,NA,NA
2020-05-01,29675,490,1030,NA,NA
2020-05-02,29675,522,1073,NA,NA
2020-05-03,29675,522,1073,NA,NA
2020-05-04,29675,606,1285,NA,NA
2020-05-05,29675,606,1285,NA,NA
2020-05-06,29675,705,1460,NA,NA
2020-05-07,29675,705,1460,NA,NA
2020-05-08,29675,753,1528,NA,NA
2020-05-09,27908,788,1528,NA,NA
2020-05-10,26660,788,1593,NA,NA
2020-05-11,26660,869,1686,NA,NA
2020-05-13,26660,943,1788,NA,NA
2020-05-14,26660,943,1788,NA,NA
2020-05-15,26660,986,2045,NA,NA
2020-05-16,26660,986,2045,NA,NA
2020-05-17,26660,986,2045,NA,NA
2020-05-18,26660,986,2045,NA,NA
2020-05-19,26660,1073,2172,NA,NA
2020-05-20,26660,1145,2194,NA,NA
2020-05-21,26660,1181,2368,NA,NA
2020-05-22,25911,1201,2394,NA,NA
2020-05-23,25911,1201,2394,NA,NA
2020-05-24,25911,1201,2394,NA,NA
2020-05-25,25911,1201,2394,NA,NA
2020-05-26,25911,1312,2535,NA,NA
2020-05-27,25911,1327,2620,NA,NA
2020-05-28,25911,1392,2670,NA,NA
2020-05-29,25911,1392,2670,NA,NA
2020-05-30,25421,1406,2781,NA,NA
2020-05-31,25421,1406,2781,NA,NA
2020-06-01,25421,1461,2781,2,754
2020-06-02,25421,1461,2781,2,754
2020-06-03,25421,1579,3092,2,813
2020-06-04,25421,1579,3092,2,813
2020-06-05,25421,1595,3113,2,818
2020-06-06,24713,1623,3146,2,781
2020-06-07,24713,1623,3146,2,781
2020-06-08,24713,1709,5096,2,838
2020-06-09,24713,1709,5096,2,838
2020-06-10,24713,1780,5096,2,788
2020-06-11,24713,1810,5096,2,801
2020-06-12,24713,1849,5096,2,785
2020-06-13,24041,1849,5096,2,785
2020-06-14,24041,1849,5096,2,785
2020-06-15,24041,2016,5096,2,929
2020-06-16,24041,2016,5096,2,929
2020-06-17,24041,2110,7364,2,871
2020-06-18,24041,2110,7364,2,871
2020-06-19,24041,2210,7364,2,818
2020-06-20,24041,2210,7364,2,818
2020-06-21,24041,2210,7364,2,818
2020-06-22,24041,2343,8858,2,863
2020-06-23,24041,2403,8858,2,837
2020-06-24,23429,2403,8858,2,837
2020-06-25,23429,2489,8858,2,899
2020-06-26,23429,2521,8858,2,810
2020-06-27,22805,2572,8858,2,751
2020-06-28,22805,2572,8858,2,751
2020-06-29,22805,2675,10513,2,793
2020-06-30,22805,2675,10513,2,793
2020-07-01,22805,2742,10513,2,752
2020-07-02,22805,2742,10513,2,752
2020-07-03,22805,2742,10513,2,752
2020-07-04,22579,2742,10513,2,752
2020-07-05,22579,2742,10513,2,752
2020-07-06,22579,2742,10513,2,752
2020-07-07,22579,2949,11828,2,836
2020-07-08,22579,3007,11828,2,835
2020-07-09,22579,3077,11828,2,871
2020-07-10,22835,3090,11828,2,883
2020-07-11,22340,3090,11828,2,883
2020-07-12,22340,3090,11828,2,883
2020-07-13,22340,3090,11828,2,883
2020-07-14,22340,3471,13562,3,1175
2020-07-15,22340,3567,13562,3,1110
2020-07-16,22340,3567,13562,3,1110
2020-07-17,22405,3567,13562,3,1110
2020-07-18,22142,3596,13562,3,967
2020-07-19,22142,3596,13562,3,967
2020-07-20,22142,3657,16503,3,924
2020-07-21,22142,3657,16503,3,924
2020-07-22,22142,3736,16503,3,926
2020-07-23,22142,3781,16503,3,966
2020-07-24,22067,3780,16503,3,969
2020-07-25,21884,3780,16503,3,969
2020-07-26,21884,3780,16503,3,969
2020-07-27,21884,3835,19092,3,940
2020-07-28,21884,3868,19092,3,963
2020-07-29,21884,3868,19092,3,963
2020-07-30,21884,3936,19092,3,944
2020-07-31,21888,3936,19092,3,944
2020-08-01,21888,3936,19092,3,944
2020-08-02,21888,3936,19092,3,944
2020-08-03,21888,4038,21085,3,961
2020-08-04,21888,4038,21085,3,961
2020-08-05,21546,4131,21085,3,862
2020-08-06,21546,4192,21085,3,917
2020-08-07,21546,4250,21085,4,911
2020-08-08,21546,4250,21085,4,911
2020-08-09,21546,4250,21085,4,911
2020-08-10,21494,4417,22580,4,1065
2020-08-11,21494,4444,22580,4,1084
2020-08-12,21494,4444,22580,4,1084
2020-08-13,21118,4462,22580,5,1078
2020-08-14,21402,4568,22580,5,1069
2020-08-15,21402,4568,22580,5,1069
2020-08-16,21402,4568,22580,5,1069
2020-08-17,21402,4657,23964,5,1124
2020-08-18,21402,4702,23964,5,1052
2020-08-19,21402,4702,23964,5,1052
2020-08-20,21402,4743,23964,5,801
2020-08-21,21402,4743,23964,5,795
2020-08-22,21402,4743,23964,5,795
2020-08-23,21402,4743,23964,5,795
2020-08-24,21066,4872,26490,5,914
2020-08-25,21066,4924,26490,5,951
2020-08-26,21066,5020,26490,5,859
2020-08-27,21066,5048,26490,5,877
2020-08-28,21066,5300,26490,5,850
2020-08-29,21066,5300,26490,5,850
2020-08-30,21066,5300,26490,5,850
2020-08-31,20713,5355,28888,6,814
2020-09-02,20713,5416,28888,6,841
2020-09-03,20713,5416,28888,6,841
2020-09-04,20713,5469,28888,6,468
2020-09-05,20713,5469,28888,6,468
2020-09-06,20713,5469,28888,6,468
2020-09-07,20713,5469,28888,6,468
2020-09-08,20302,5605,32539,6,587
2020-09-09,20302,5640,32539,6,612
2020-09-10,20302,5670,32539,6,627
2020-09-11,20302,5686,32539,6,616
2020-09-12,20302,5686,32539,6,616
2020-09-13,20302,5686,32539,6,616
2020-09-14,20138,5772,35023,6,631
2020-09-15,20138,5799,35023,6,614
2020-09-16,20138,5810,35023,6,554
2020-09-17,20138,5832,35023,6,570
2020-09-18,20138,5878,35023,6,572
2020-09-19,20138,5878,35023,6,572
2020-09-20,20138,5878,35023,6,572
2020-09-21,20097,6021,39443,6,620
2020-09-22,20097,6021,39443,6,620
2020-09-23,20097,6050,39443,7,640
2020-09-24,20097,6074,39443,7,596
2020-09-25,20097,6074,39443,7,596
2020-09-26,20097,6074,39443,7,596
2020-09-27,20097,6074,39443,7,596
2020-09-28,19791,6154,42366,8,567
2020-09-29,19791,6168,42366,8,582
2020-09-30,19791,6208,42366,8,618
2020-10-01,19791,6271,42366,8,657
2020-10-02,19791,6271,42366,8,657
2020-10-03,19791,6288,42366,8,640
2020-10-04,19791,6288,42366,8,640
2020-10-05,19742,6387,45519,8,677
2020-10-06,19742,6387,45519,8,677
2020-10-07,19742,6435,45519,8,711
2020-10-08,19742,6454,45519,8,725
2020-10-09,19742,6468,45519,8,734
2020-10-10,19742,6468,45519,8,734
2020-10-11,19742,6468,45519,8,734
2020-10-12,19742,6468,45519,8,734
2020-10-13,19372,6541,48037,8,786
2020-10-14,19372,6548,48037,8,787
2020-10-15,19372,6588,48037,8,773
2020-10-16,19372,6623,48037,8,728
2020-10-17,19372,6623,48037,8,728
2020-10-18,19372,6623,48037,8,728
2020-10-19,18827,6717,50105,8,702
2020-10-20,18827,6721,50105,8,706
2020-10-21,18827,6743,50105,8,661
2020-10-22,18827,6755,50105,8,647
2020-10-23,18827,6755,50105,8,647
2020-10-25,18827,6755,50105,8,647
2020-10-26,18099,6863,54607,8,649
2020-10-27,18099,6889,54607,8,651
2020-10-28,18099,6914,54607,8,614
2020-10-29,18099,6922,54607,8,490
2020-10-30,18099,6938,54607,8,362
2020-10-31,18099,6938,54607,8,362
2020-11-01,18099,6938,54607,8,362
2020-11-02,17458,7015,57209,8,412
2020-11-03,17458,7029,57209,8,402
2020-11-04,17458,7055,57209,8,409
2020-11-05,17458,7071,57209,8,402
2020-11-06,17458,7084,57209,8,384
2020-11-07,17458,7084,57209,8,384
2020-11-08,17458,7084,57209,8,384
2020-11-09,17163,7152,59857,8,409
2020-11-10,17163,7152,59857,8,409
2020-11-11,17163,7152,59857,8,409
2020-11-12,17163,7197,59857,8,384
2020-11-13,17163,7202,59857,8,366
2020-11-14,17163,7202,59857,8,366
2020-11-15,17163,7202,59857,8,366
2020-11-16,16693,7249,62080,8,391
2020-11-17,16693,7258,62080,8,400
2020-11-18,16693,7292,62080,8,413
2020-11-19,16693,7315,62080,8,419
2020-11-20,16614,7339,62080,8,429
2020-11-21,16614,7339,62080,8,429
2020-11-22,16614,7339,62080,8,429
2020-11-23,16614,7339,62080,8,429
2020-11-24,16614,7372,64959,8,377
2020-11-25,16614,7419,64959,8,363
2020-11-26,16614,7419,64959,8,363
2020-11-27,16709,7419,64959,8,363
2020-11-28,16709,7476,64959,8,350
2020-11-29,16709,7476,64959,8,350
2020-11-30,16709,7476,64959,8,350
2020-12-01,16709,7527,67660,8,347
2020-12-02,16709,7567,67660,8,368
2020-12-03,16709,7583,67660,8,370
2020-12-04,16377,7583,67660,8,370
2020-12-05,16377,7622,67660,8,357
2020-12-06,16377,7622,67660,8,357
2020-12-07,16377,7622,67660,8,357
2020-12-08,16377,7724,83903,8,444
2020-12-09,16377,7801,70085,8,492
2020-12-10,16377,7851,70085,8,496
2020-12-11,16163,7851,70085,8,496
2020-12-12,16163,7888,70085,8,490
2020-12-13,16163,7888,70085,8,490
2020-12-14,16163,7982,72784,8,557
2020-12-15,16163,7990,72784,8,564
2020-12-16,16163,8028,72784,8,513
2020-12-17,16163,8028,72784,8,513
2020-12-18,15993,8061,72784,8,481
2020-12-19,15993,8087,72784,8,494
2020-12-20,15993,8087,72784,8,494
2020-12-21,15993,8175,76531,8,450
2020-12-22,15993,8181,76531,8,451
2020-12-23,15993,8247,76531,8,456
2020-12-24,15993,8247,76531,8,456
2020-12-25,15993,8247,76531,8,456
2020-12-26,15993,8247,76531,8,456
2020-12-27,15993,8247,76531,8,456
2020-12-28,15943,8349,78536,8,461
2020-12-29,15943,8349,78536,8,461
2020-12-30,15943,8415,78536,8,497
2020-12-31,15943,8455,78536,8,511
2021-01-01,15943,8455,78536,8,511
2021-01-02,15943,8455,78536,8,511
2021-01-03,15943,8455,78536,8,511
2021-01-04,16037,8545,80200,8,558
2021-01-05,16037,8545,80200,8,558
2021-01-06,16037,8552,80200,8,555
2021-01-07,16037,8578,80200,8,556
2021-01-08,15415,8578,80200,8,556
2021-01-09,15415,8654,80200,8,487
2021-01-10,15415,8654,80200,8,487
2021-01-11,15415,8654,80200,8,487
2021-01-12,15415,8735,82585,8,523
2021-01-13,15415,8800,82585,8,559
2021-01-14,15415,8800,82585,8,559
2021-01-15,15415,8820,82585,8,565
2021-01-16,15415,8848,82585,8,531
2021-01-17,15415,8848,82585,8,531
2021-01-18,15415,8848,82585,8,531
2021-01-19,15415,8848,82585,8,531
2021-01-20,14715,8946,86223,8,580
2021-01-21,14715,8946,86223,8,580
2021-01-22,14715,8991,86223,8,575
2021-01-23,14715,8991,86223,8,575
2021-01-24,14715,8991,86223,8,575
2021-01-25,14715,8991,86223,8,575
2021-01-26,14715,9029,86223,8,593
2021-01-27,14715,9087,86223,8,517
2021-01-28,14715,9087,86223,8,517
2021-01-29,14715,9099,86223,8,519
2021-01-30,14715,9099,86223,8,519
2021-01-31,14715,9099,86223,8,519
2021-02-01,14715,9178,86223,9,524
2021-02-02,14715,9178,86223,9,524
2021-02-03,14775,9216,92106,9,531
2021-02-04,14775,9216,92106,9,531
2021-02-05,14775,9262,92106,9,500
2021-02-06,14775,9262,92106,9,500
2021-02-07,14775,9262,92106,9,500
2021-02-08,14775,9262,92106,9,500
2021-02-09,13860,9301,95967,10,524
2021-02-10,13860,9309,95967,9,528
2021-02-11,13860,9347,95967,9,537
2021-02-12,13860,9411,95967,9,509
2021-02-13,13860,9411,95967,9,509
2021-02-14,13860,9411,95967,9,509
2021-02-15,13860,9411,95967,9,509
2021-02-16,13860,9411,95967,9,509
2021-02-17,13832,9429,100274,9,502
2021-02-18,13832,9461,100274,9,504
2021-02-19,13832,9512,100274,9,463
2021-02-20,13832,9512,100274,9,463
2021-02-21,13832,9512,100274,9,463
2021-02-22,13832,9512,100274,9,463
2021-02-23,14347,9532,101214,9,447
2021-02-24,14347,9532,101214,9,447
2021-02-25,14347,9569,101214,9,453
2021-02-26,14347,9614,101214,9,407
2021-02-27,14347,9614,101214,9,407
2021-02-28,14347,9614,101214,9,407
2021-03-01,13890,9655,104063,9,332
2021-03-02,13890,9659,104063,9,336
2021-03-03,13890,9679,104063,9,349
2021-03-04,13890,9686,104063,9,340
2021-03-05,13890,9686,104063,9,340
2021-03-06,13890,9686,104063,9,340
2021-03-07,13890,9686,104063,9,340
2021-03-08,13890,9753,104063,9,373
2021-03-09,13764,9840,107396,9,354
2021-03-10,13764,9872,107396,9,363
2021-03-11,13764,9872,107396,9,363
2021-03-12,13764,9903,107396,9,370
2021-03-13,13764,9967,107396,9,423
2021-03-14,13764,9967,107396,9,423
2021-03-15,13764,9967,107396,9,423
2021-03-16,14051,10049,113297,9,475
2021-03-17,14051,10049,113297,9,475
2021-03-18,14051,10131,113297,9,494
2021-03-19,14051,10230,113297,9,541
2021-03-20,14051,10230,113297,9,541
2021-03-21,14051,10230,113297,9,541
2021-03-22,14216,10306,118107,9,547
2021-03-23,14216,10331,118107,9,572
2021-03-24,14216,10408,118107,9,537
2021-03-25,14216,10460,118107,9,569
2021-03-26,14216,10460,118107,9,569
2021-03-27,14216,10460,118107,9,569
2021-03-28,14216,10460,118107,9,569
2021-03-29,14216,10460,118107,9,569
2021-03-30,14077,10669,122792,9,665
2021-03-31,14077,10725,122792,9,643
2021-04-01,14077,10725,122792,9,643
2021-04-02,14077,10849,122792,9,628
2021-04-03,14077,10849,122792,9,628
2021-04-04,14077,10849,122792,9,628
2021-04-05,14077,11002,122792,9,687
2021-04-06,14315,11008,127610,9,674
2021-04-07,14315,11086,127610,9,719
2021-04-08,14315,11190,127610,9,769
2021-04-09,14315,11190,127610,9,769
2021-04-10,14315,11318,127610,9,896
2021-04-11,14315,11318,127610,9,896
2021-04-12,14315,11469,127610,9,892
2021-04-13,14315,11469,127610,9,892
2021-04-14,15344,11654,127897,9,985
2021-04-15,15344,11725,127897,9,1020
2021-04-16,15344,11815,127897,9,1078
2021-04-17,15344,11815,127897,9,1078
2021-04-18,15344,11815,127897,9,1078
2021-04-19,15344,11815,127897,9,1078
2021-04-20,15054,12018,138334,9,1181
2021-04-21,15054,12085,138334,9,992
2021-04-22,15054,12085,138334,9,992
2021-04-23,15054,12269,138334,9,1028
2021-04-24,15054,12269,138334,9,1028
2021-04-25,15054,12269,138334,9,1028
2021-04-26,15830,12486,145215,9,1094
2021-04-27,15830,12549,145215,9,1147
2021-04-28,15830,12757,145215,9,1278
2021-04-29,15830,12841,145215,9,1320
2021-04-30,15830,12947,145215,9,1393
2021-05-01,15830,12947,145215,9,1393
2021-05-02,15830,12947,145215,9,1393
2021-05-03,15830,12947,145215,9,1393
2021-05-04,16721,13147,151204,9,1393
2021-05-05,16721,13371,151204,9,1397
2021-05-06,16721,13554,151204,9,1537
2021-05-07,16721,13754,151204,9,1594
2021-05-08,16721,13754,151204,9,1594
2021-05-09,16721,13754,151204,9,1594
2021-05-10,16721,14057,158476,9,1906
2021-05-11,16721,14094,158476,9,1941
2021-05-12,16721,14231,158476,9,2033
2021-05-13,16721,14385,158476,9,2043
2021-05-14,16721,14385,158476,9,2043
2021-05-15,16721,14385,158476,9,2043
2021-05-16,16721,14385,158476,9,2043
2021-05-17,20430,14821,166067,9,2077
2021-05-18,20430,14844,166067,9,2030
2021-05-19,20430,15056,166067,9,2067
2021-05-20,20430,15056,166067,9,2067
2021-05-21,20430,15172,166067,9,2123
2021-05-22,20430,15172,166067,9,2123
2021-05-23,20430,15172,166067,9,2123
2021-05-24,22140,15496,172396,9,2019
2021-05-25,22140,15519,172396,9,2007
2021-05-26,22140,15647,172396,9,1495
2021-05-27,22140,15837,172396,9,1491
2021-05-28,22140,16182,172396,9,927
2021-05-29,22140,16182,172396,9,927
2021-05-30,22140,16182,172396,9,927
2021-05-31,22140,16182,172396,9,927
2021-06-01,23107,16334,180613,9,861
2021-06-02,23107,16436,180613,9,907
2021-06-03,23107,16511,180613,9,844
2021-06-04,23107,16608,180613,9,734
2021-06-05,23107,16608,180613,9,734
2021-06-06,23107,16608,180613,9,734
2021-06-07,24100,16816,189834,9,685
2021-06-08,24100,16896,189834,9,652
2021-06-09,24100,16702,189834,9,598
2021-06-10,24100,16702,189834,9,598
2021-06-11,24100,17186,189834,9,670
2021-06-12,24100,17186,189834,9,670
2021-06-13,24100,17186,189834,9,670
2021-06-14,25238,17377,198866,9,752
2021-06-15,25238,17395,198866,9,738
2021-06-16,25238,17519,198866,9,588
2021-06-17,25238,17519,198866,9,588
2021-06-18,25238,17519,198866,9,588
2021-06-19,25238,17519,198866,9,588
2021-06-20,25238,17519,198866,9,588
2021-06-21,26197,17897,209543,9,704
2021-06-22,26197,17926,209543,9,681
2021-06-23,26197,17926,209543,9,681
2021-06-24,26197,18143,209543,9,765
2021-06-25,26197,18310,209543,9,831
2021-06-26,26197,18310,209543,9,831
2021-06-27,26197,18310,209543,9,831
2021-06-28,26789,18397,219547,9,811
2021-06-29,26789,18422,219547,9,819
2021-06-30,26789,18422,219547,9,819
2021-07-01,26789,18797,219547,9,851
2021-07-02,26789,18797,219547,9,851
2021-07-03,26789,18797,219547,9,851
2021-07-04,26789,18797,219547,9,851
2021-07-05,26789,18797,219547,9,851
2021-07-06,27008,19202,229990,9,907
2021-07-07,27008,19341,229990,9,899
2021-07-08,27008,19341,229990,9,899
2021-07-09,27008,19600,229990,9,983
2021-07-10,27008,19600,229990,9,983
2021-07-11,27008,19600,229990,9,983
2021-07-12,27651,19879,242327,9,906
2021-07-13,27651,19879,242327,9,906
2021-07-14,27651,19897,242327,9,921
2021-07-17,27651,20427,242327,9,1025
2021-07-18,27651,20427,242327,9,1025
2021-07-21,27067,21015,253762,9,1182
2021-07-22,27067,21228,253762,9,1376
2021-07-23,27067,21336,253762,9,1555
2021-07-24,27067,21336,253762,9,1555
2021-07-26,27670,21727,264176,9,1398
2021-07-27,27670,21794,264176,9,1263
2021-07-28,27670,21963,264176,9,1267
2021-07-29,27670,21963,264176,9,1267
2021-07-30,27670,22096,264176,9,1169
2021-07-31,27670,22096,264176,9,1169
2021-08-01,27670,22096,264176,9,1169
2021-08-02,27670,22096,264176,9,1169
2021-08-03,25848,22518,273713,9,1091
2021-08-04,25848,22827,273713,9,1120
2021-08-05,25848,22827,273713,9,1120
2021-08-06,25848,23205,273713,9,1204
2021-08-07,25848,23205,273713,9,1204
2021-08-08,25848,23205,273713,9,1204
2021-08-09,25304,23767,284633,9,1429
2021-08-10,25304,23890,284633,9,1483
2021-08-11,25304,24043,284633,9,1473
2021-08-12,25304,24043,284633,9,1473
2021-08-13,25304,24341,284633,9,1391
2021-08-14,25304,24341,284633,9,1391
2021-08-15,25304,24341,284633,9,1391
2021-08-16,25292,24420,294970,9,1261
2021-08-17,25292,24420,294970,9,1261
2021-08-18,25292,24791,294970,9,1286
2021-08-19,25292,25129,294970,9,1179
2021-08-20,25292,25129,294970,9,1179
2021-08-21,25292,25129,294970,9,1179
2021-08-23,25415,25512,306313,9,1248
2021-08-24,25415,25512,306313,9,1248
2021-08-25,25415,25586,306313,9,1294
2021-08-26,25415,25986,306313,9,1089
2021-08-27,25415,26084,306313,9,1089
2021-08-31,23342,26284,317749,9,1051
2021-09-02,23342,26481,317749,9,982
2021-09-03,23342,26561,317749,9,905
2021-09-06,23342,26561,317749,9,905
2021-09-07,23445,26970,328797,9,871
2021-09-08,23445,27001,328797,9,847
2021-09-09,23445,27149,328797,9,851
2021-09-10,23445,27149,328797,9,851
2021-09-11,23445,27149,328797,9,851
2021-09-12,23445,27149,328797,9,851
2021-09-13,23445,27346,328797,9,810
2021-09-15,23445,27346,328797,9,600
2021-09-16,23445,27484,328797,9,600
2021-09-18,23445,27546,328797,9,532
2021-09-19,23445,27546,328797,9,532
2021-09-20,22442,27676,348077,9,521
2021-09-23,22442,27908,348077,9,546
2021-09-24,22442,27632,348077,9,526
2021-09-26,22442,27632,348077,9,526
2021-09-27,22442,27632,348077,9,526
2021-09-28,23806,28138,356699,9,563
2021-09-29,23806,28138,356699,9,563
2021-09-30,23806,28138,356699,9,563
2021-10-01,23806,28138,356699,9,563
2021-10-02,23806,28138,356699,9,563
2021-10-03,23806,28138,356699,9,563
2021-10-04,23806,28399,356699,9,538
2021-10-05,23806,28399,356699,9,538
2021-10-06,21890,28661,366513,9,569
2021-10-07,21890,28661,366513,9,569
2021-10-08,21890,28661,366513,9,569
2021-10-09,21890,28661,366513,9,569
2021-10-10,21890,28661,366513,9,569
2021-10-11,21890,28661,366513,9,569
2021-10-12,21890,28661,366513,9,569
2021-10-13,22292,29032,375639,9,663
2021-10-14,22292,29032,375639,9,663
2021-10-15,22292,29032,375639,9,663
2021-10-16,22292,29032,375639,9,663
2021-10-17,22292,29032,375639,9,663
2021-10-18,22292,29032,375639,9,663
2021-10-19,22292,29032,375639,9,663
2021-10-20,22292,29032,375639,9,663
2021-10-22,22292,29032,375639,9,663
2021-10-24,22292,29032,375639,9,663
2021-10-25,22292,29032,375639,9,663
2021-10-26,22292,29032,375639,9,663
2021-10-27,22292,29032,375639,9,663
2021-10-28,NA,29742,NA,9,516
2021-10-29,NA,29742,NA,9,516
2021-11-02,23468,29892,402043,9,436
2021-11-03,23468,30007,402043,9,464
2021-11-04,23468,30007,402043,9,464
2021-11-07,23468,30168,402043,9,517
2021-11-09,23924,30226,410288,9,459
2021-11-10,23924,30298,410288,9,489
2021-11-11,23924,30298,410288,9,489
2021-11-12,23924,30399,410288,9,461
2021-11-13,23924,30399,410288,9,461
2021-11-14,23924,30399,410288,9,461
2021-11-20,24445,30647,419124,9,370
2021-11-22,24445,30647,419124,9,370
2021-11-23,23265,30755,427546,9,365
2021-11-24,23265,30755,427546,9,365
2021-11-25,23265,30755,427546,9,365
2021-11-26,23265,30755,427546,9,365
2021-11-27,23265,30755,427546,9,365
2021-11-28,23265,30755,427546,9,365
2021-11-29,21462,30977,435045,9,323
2021-11-30,21462,30977,435045,9,323
2021-12-01,21462,30977,435045,9,323
2021-12-02,21462,31034,435045,9,262
2021-12-03,21462,31132,435045,9,263
2021-12-04,21462,31132,435045,9,263
2021-12-05,21462,31132,435045,9,263
2021-12-06,21462,31132,435045,9,263
2021-12-07,22549,31202,447575,9,264
2021-12-08,22549,31242,447575,9,281
2021-12-09,22549,31330,447575,9,278
2021-12-10,22549,31330,447575,9,278
2021-12-11,22549,31330,447575,9,278
2021-12-12,22549,31330,447575,9,278
2021-12-13,21811,31441,456130,9,280
2021-12-15,21811,31441,456130,9,280
2021-12-16,21811,31540,456130,9,281
2021-12-18,21811,31559,456130,9,281
2021-12-19,21811,31559,456130,9,281
2021-12-20,21811,31559,456130,9,282
2021-12-21,21520,31682,469134,9,220
2021-12-22,21520,31682,469134,9,220
2021-12-23,21520,31726,469134,9,250
2021-12-24,21520,31726,469134,9,250
2021-12-25,21520,31726,469134,9,250
2021-12-26,21520,31726,469134,9,250
2021-12-27,21520,31824,469134,9,275
2021-12-28,21789,31824,479281,9,275
2021-12-29,21789,31824,479281,9,275
2021-12-30,21789,31868,479281,9,299
2021-12-31,21789,31868,479281,9,299
2022-01-01,21789,31868,479281,9,299
2022-01-02,21789,31868,479281,9,299
2022-01-03,22503,32137,487587,11,435
2022-01-04,22503,32244,487587,11,499
2022-01-05,22503,32244,487587,11,499
2022-01-06,22503,32771,487587,11,938
2022-01-07,22503,32771,487587,11,938
2022-01-08,22503,32771,487587,11,938
2022-01-09,22503,32771,487587,11,938
2022-01-10,22142,32345,499816,11,1254
2022-01-11,22142,32643,499816,11,1337
2022-01-12,22142,32998,499816,11,1581
2022-01-13,22142,32266,499816,11,1766
2022-01-14,22142,33536,499816,11,1902
2022-01-15,22142,33536,499816,11,1902
2022-01-16,22142,33536,499816,11,1902
2022-01-17,22142,33536,499816,11,1902
2022-01-18,21805,33996,507369,11,2067
2022-01-19,21805,34341,507369,11,2224
2022-01-20,21805,34819,507369,11,2544
2022-01-21,21805,35154,507369,11,2748
2022-01-22,21805,35154,507369,11,2748
2022-01-23,21805,35154,507369,11,2748
2022-01-24,21602,35661,515177,11,2645
2022-01-25,21602,35918,515177,11,2673
2022-01-26,21602,36236,515177,11,2702
2022-01-27,21602,36813,515177,11,31292
2022-01-28,21602,37155,515177,11,3110
2022-01-29,21602,37155,515177,11,3110
2022-01-30,21602,37155,515177,11,3110
2022-02-01,21341,38033,527034,11,3022
2022-02-02,21341,38480,527034,11,3158
2022-02-03,21341,38657,527034,11,3152
2022-02-04,21341,38793,527034,11,3140
2022-02-05,21341,38793,527034,11,3140
2022-02-06,21341,38793,527034,11,3140
2022-02-07,21197,39055,534496,11,2647
2022-02-08,21197,39230,534496,11,2359
2022-02-09,21197,39385,534496,11,2401
2022-02-10,21197,39510,534496,11,2370
2022-02-11,21197,39615,534496,11,2273
2022-02-12,21197,39615,534496,11,2273
2022-02-14,20094,39818,541927,11,1659
2022-02-15,20094,39914,541927,11,1632
2022-02-17,20094,40132,541927,11,1648
2022-02-21,20094,40188,541927,11,1487
2022-02-22,18816,40358,551736,11,1177
2022-02-24,18683,40496,551736,11,1126
2022-02-25,18424,40568,551736,11,1107
2022-02-26,18424,40568,551736,11,1107
2022-02-27,18424,40568,551736,11,1107
2022-02-28,18203,40657,560386,11,1001
2022-03-01,18203,40657,560386,11,1001
2022-03-02,18203,40679,560386,11,980
2022-03-03,18257,40769,560386,11,1030
2022-03-04,18225,40898,560386,11,1087
2022-03-05,18225,40898,560386,11,1087
2022-03-06,18225,40898,560386,11,1087
2022-03-07,18336,40986,570015,11,933
2022-03-08,18336,41033,570015,11,928
2022-03-12,19863,41289,570015,11,948
2022-03-14,20401,41390,580082,11,907
2022-03-18,20487,41587,580082,11,798
2022-03-22,20407,41687,591113,11,781
2022-03-28,20452,41909,600604,11,745
2022-03-29,21131,41930,600604,11,734
2022-03-30,20701,41968,600604,11,726
2022-03-31,20381,41998,600604,11,721
2022-04-01,20033,42018,600604,11,715
2022-04-02,20033,42018,600604,11,715
2022-04-03,20033,42018,600604,11,715
2022-04-04,19552,42071,610079,11,630
2022-04-06,19980,42158,610079,11,625
2022-04-07,19693,42179,610079,11,629
2022-04-08,18960,42204,610079,11,647
2022-04-10,18960,42204,610079,11,647
2022-04-11,19355,42242,620067,11,568
2022-04-12,19355,42318,620067,11,572
2022-04-13,19156,42371,620067,11,576
2022-04-18,18708,42428,628742,11,520
2022-04-19,18155,42448,628742,11,303
2022-04-20,19129,42472,628742,11,277
2022-04-21,19231,42490,628742,11,267
2022-04-22,18942,42511,628742,11,254
2022-04-23,18942,42511,628742,11,254
2022-04-24,18942,42511,628742,11,254
2022-04-26,19995,42564,637918,11,225
2022-04-27,20444,42579,637918,11,238
2022-04-29,20761,42670,637918,11,291
2022-04-30,20761,42670,637918,11,291
2022-05-02,20028,42747,647578,11,323
2022-05-04,21028,42821,647578,11,370
2022-05-05,22057,42883,647578,11,413